vehicle_id	office_code	orders	share_of_office_orders
NAVAIR-HQ-BOA	N00019	714	0.464844
N0001921D0004	N00019	58	0.03776
N0001924D0114	N00019	44	0.028646
N0001922D0038	N00019	31	0.020182
N0001923D0009	N00019	25	0.016276
N0001923D0015	N00019	25	0.016276
N0001918D0001	N00019	24	0.015625
N0001919D0023	N00019	24	0.015625
N0001918D0111	N00019	23	0.014974
N0001925D0012	N00019	19	0.01237
N0001920D0013	N00019	18	0.011719
N0001924D0106	N00019	16	0.010417
N0001920D0001	N00019	14	0.009115
N0001920D0051	N00019	14	0.009115
N0001922D0013	N00019	13	0.008464
N0001920D0016	N00019	12	0.007812
N0001923D0012	N00019	12	0.007812
N0001924D0119	N00019	12	0.007812
N0001923D0001	N00019	11	0.007161
N0001921D0010	N00019	10	0.00651
N0001925D0009	N00019	10	0.00651
N0001923D0008	N00019	9	0.005859
N0001923D0013	N00019	9	0.005859
N0001923D0022	N00019	9	0.005859
N0001919D0005	N00019	8	0.005208
NASA-SEWP	N00019	8	0.005208
GSA-MAS	N00019	7	0.004557
N0001917D0004	N00019	7	0.004557
N0001918D0103	N00019	7	0.004557
N0001919D0001	N00019	7	0.004557
N0001919D0015	N00019	7	0.004557
N0001920D0017	N00019	7	0.004557
N0001922D0009	N00019	7	0.004557
N0001922D0042	N00019	7	0.004557
N0001923D0011	N00019	7	0.004557
N0001923D0018	N00019	7	0.004557
N0001924D0126	N00019	7	0.004557
N0001920D0008	N00019	6	0.003906
N0001922D0011	N00019	6	0.003906
N0001925D0016	N00019	6	0.003906
N6134019D1010	N00019	6	0.003906
N0001919D0026	N00019	5	0.003255
N0001920D0007	N00019	5	0.003255
N0001922D0006	N00019	5	0.003255
N0001922D0022	N00019	5	0.003255
DON-ESL-BPA	N00019	4	0.002604
N0001917D0089	N00019	4	0.002604
N0001918D0110	N00019	4	0.002604
N0001918D0123	N00019	4	0.002604
N0001919D0012	N00019	4	0.002604
N0001919D0013	N00019	4	0.002604
N0001919D0027	N00019	4	0.002604
N0001919D0032	N00019	4	0.002604
N0001920D0109	N00019	4	0.002604
N0001921D0050	N00019	4	0.002604
N0001922D0001	N00019	4	0.002604
N0001922D0004	N00019	4	0.002604
N0001922D0007	N00019	4	0.002604
N0001923D0010	N00019	4	0.002604
N0001923D0014	N00019	4	0.002604
N6134019D1006	N00019	4	0.002604
N0001917D0009	N00019	3	0.001953
N0001917D0101	N00019	3	0.001953
N0001918D0118	N00019	3	0.001953
N0001919D0021	N00019	3	0.001953
N0001920D0004	N00019	3	0.001953
N0001920D0023	N00019	3	0.001953
N0001920D0024	N00019	3	0.001953
N0001920D0106	N00019	3	0.001953
N0001921D0001	N00019	3	0.001953
N0001921D0011	N00019	3	0.001953
N0001922D0003	N00019	3	0.001953
N0001922D0008	N00019	3	0.001953
N0001922D0040	N00019	3	0.001953
N0001922D0043	N00019	3	0.001953
N0001924D0004	N00019	3	0.001953
N0001924D0110	N00019	3	0.001953
N0001925D0014	N00019	3	0.001953
N0001925D0023	N00019	3	0.001953
N6833523D0001	N00019	3	0.001953
FA857619D0001	N00019	1	0.000651
N0042117G0003	N00019	1	0.000651
N0042121G0004	N00019	1	0.000651
N0042121G0005	N00019	1	0.000651
N0042124G0005	N00019	1	0.000651
N6833522G0010	N00019	1	0.000651
N6852020D0012	N00019	1	0.000651
NAWCAD-SCI-MAC	N00019	1	0.000651
NASA-SEWP	N00421	182	0.086874
N0042123D0001	N00421	179	0.085442
NAWCAD-SCI-MAC	N00421	139	0.066348
N0042122D0099	N00421	103	0.049165
SEAPORT-NXG	N00421	76	0.036277
DON-ESL-BPA	N00421	59	0.028162
GSA-MAS	N00421	55	0.026253
N0042120D0123	N00421	51	0.024344
N0042124D0012	N00421	51	0.024344
N0042121D0008	N00421	41	0.01957
N0042124D0020	N00421	31	0.014797
N0042121D0023	N00421	29	0.013842
N0042120D0108	N00421	28	0.013365
N0042123D0007	N00421	28	0.013365
N0042119D0047	N00421	27	0.012888
N0042121G0005	N00421	25	0.011933
NAVAIR-HQ-BOA	N00421	25	0.011933
N0042118D0017	N00421	24	0.011456
N0042124G0005	N00421	23	0.010979
N0042118D0016	N00421	20	0.009547
N0042121D0019	N00421	20	0.009547
N0042124D0022	N00421	19	0.009069
N0042119D0023	N00421	18	0.008592
N0042119D0075	N00421	17	0.008115
N0042122D0101	N00421	17	0.008115
N0042118D0015	N00421	16	0.007637
N0042124D0005	N00421	16	0.007637
N0042120D0001	N00421	15	0.00716
N0042120D0024	N00421	14	0.006683
N0042120D0071	N00421	13	0.006205
N0042119D0026	N00421	12	0.005728
N0042121D0033	N00421	12	0.005728
N0042121D0034	N00421	12	0.005728
N0042122D0003	N00421	11	0.005251
N0042123G0004	N00421	11	0.005251
N0042124A0003	N00421	11	0.005251
W15QKN15D0001	N00421	11	0.005251
N0042118D0059	N00421	10	0.004773
N0042122D0094	N00421	10	0.004773
N0042124A0004	N00421	10	0.004773
N0042124D0006	N00421	10	0.004773
N0042118D0044	N00421	9	0.004296
N0042120D0015	N00421	9	0.004296
N0042121D0035	N00421	9	0.004296
N0042121D0037	N00421	9	0.004296
N0042116D0002	N00421	8	0.003819
N0042119D0024	N00421	8	0.003819
N0042119D0033	N00421	8	0.003819
N0042120D0023	N00421	8	0.003819
N6134019D0003	N00421	8	0.003819
N0042118D0001	N00421	7	0.003341
N0042120D0007	N00421	7	0.003341
N0042120D0115	N00421	7	0.003341
N0042121D0005	N00421	7	0.003341
N0042123G0001	N00421	7	0.003341
N0042124D0011	N00421	7	0.003341
N0042125D0303	N00421	7	0.003341
N0042117D0032	N00421	6	0.002864
N0042119D0065	N00421	6	0.002864
N0042119D0071	N00421	6	0.002864
N0042120D0072	N00421	6	0.002864
N0042121D0010	N00421	6	0.002864
N0042121D0018	N00421	6	0.002864
N0042122D0096	N00421	6	0.002864
N0042123G0005	N00421	6	0.002864
N0042119D0055	N00421	5	0.002387
N0042119D0060	N00421	5	0.002387
N0042119D0066	N00421	5	0.002387
N0042120D0073	N00421	5	0.002387
N0042122D0084	N00421	5	0.002387
N0042123D0005	N00421	5	0.002387
N6134019D1010	N00421	5	0.002387
N0001924D0008	N00421	4	0.001909
N0042115D0005	N00421	4	0.001909
N0042116D0013	N00421	4	0.001909
N0042117D0015	N00421	4	0.001909
N0042117D0027	N00421	4	0.001909
N0042117D0045	N00421	4	0.001909
N0042118D0028	N00421	4	0.001909
N0042118D0042	N00421	4	0.001909
N0042118D0054	N00421	4	0.001909
N0042119D0028	N00421	4	0.001909
N0042119D0058	N00421	4	0.001909
N0042119D0076	N00421	4	0.001909
N0042119G0001	N00421	4	0.001909
N0042119G0004	N00421	4	0.001909
N0042120D0006	N00421	4	0.001909
N0042120D0117	N00421	4	0.001909
N0042122D0001	N00421	4	0.001909
N0042122D0005	N00421	4	0.001909
N0042124D0008	N00421	4	0.001909
N0042124D0071	N00421	4	0.001909
N0042125D0301	N00421	4	0.001909
N0042125D0302	N00421	4	0.001909
NAWCAD-CYBER-IDIQ	N00421	4	0.001909
N0001921D0015	N00421	3	0.001432
N0042116D0005	N00421	3	0.001432
N0042117D0031	N00421	3	0.001432
N0042117D0052	N00421	3	0.001432
N0042118D0007	N00421	3	0.001432
N0042118D0030	N00421	3	0.001432
N0042118D0062	N00421	3	0.001432
N0042119D0001	N00421	3	0.001432
N0042119D0002	N00421	3	0.001432
N0042119D0029	N00421	3	0.001432
N0042119D0035	N00421	3	0.001432
N0042119D0042	N00421	3	0.001432
N0042119D0067	N00421	3	0.001432
N0042120D0003	N00421	3	0.001432
N0042120D0010	N00421	3	0.001432
N0042120D0012	N00421	3	0.001432
N0042120D0109	N00421	3	0.001432
N0042121D0001	N00421	3	0.001432
N0042121D0002	N00421	3	0.001432
N0042121D0007	N00421	3	0.001432
N0042121G0004	N00421	3	0.001432
N0042122D0002	N00421	3	0.001432
N0042122D0103	N00421	3	0.001432
N0042122G0101	N00421	3	0.001432
N0042123D0011	N00421	3	0.001432
N0042123D0019	N00421	3	0.001432
N0042123G0002	N00421	3	0.001432
N0042124A0005	N00421	3	0.001432
N0042124G0001	N00421	3	0.001432
N0042125G0003	N00421	3	0.001432
FA857619D0001	N00421	2	0.000955
N0001421D4002	N00421	2	0.000955
N0042117G0003	N00421	2	0.000955
N6134019D1006	N00421	2	0.000955
N6833519G0013	N00421	2	0.000955
N0024424D0005	N00421	1	0.000477
N0024424D0010	N00421	1	0.000477
N6134020D0025	N61340	29	0.081006
N6134024D0013	N61340	25	0.069832
NAWCTSD-FTSS-V	N61340	20	0.055866
NAWCTSD-TSC-IV	N61340	20	0.055866
GSA-MAS	N61340	17	0.047486
DON-ESL-BPA	N61340	12	0.03352
N6134021D0015	N61340	11	0.030726
N6134024D0001	N61340	11	0.030726
N6134019G0002	N61340	8	0.022346
N6134024D0006	N61340	8	0.022346
N6134019D0906	N61340	7	0.019553
N6134020D0024	N61340	7	0.019553
N6134023D0003	N61340	7	0.019553
NAVAIR-HQ-BOA	N61340	7	0.019553
NASA-SEWP	N61340	6	0.01676
NAWCTSD-PACRM	N61340	6	0.01676
N6134020D0008	N61340	5	0.013966
N6134022D0006	N61340	5	0.013966
N6134015D0003	N61340	4	0.011173
N6134016D1005	N61340	4	0.011173
N6134018D0002	N61340	4	0.011173
N6134018D0004	N61340	4	0.011173
N6134020D0004	N61340	4	0.011173
N6134020D0015	N61340	4	0.011173
N6134020D0019	N61340	4	0.011173
N6134020D0020	N61340	4	0.011173
N6134020D0021	N61340	4	0.011173
N6134021D0016	N61340	4	0.011173
N6134022D0002	N61340	4	0.011173
N6134022D0004	N61340	4	0.011173
N6134023D0004	N61340	4	0.011173
N6134023D0008	N61340	4	0.011173
N6134016D1003	N61340	3	0.00838
N6134018D0009	N61340	3	0.00838
N6134020D0002	N61340	3	0.00838
N6134020D0011	N61340	3	0.00838
N6134021D0013	N61340	3	0.00838
N6134022D0008	N61340	3	0.00838
N6134023D0001	N61340	3	0.00838
N6134025D0005	N61340	3	0.00838
N6134025D0006	N61340	3	0.00838
SEAPORT-NXG	N61340	2	0.005587
N0001421D4002	N61340	1	0.002793
N0024424D0005	N61340	1	0.002793
N6833523G0004	N68335	35	0.033081
NASA-SEWP	N68335	35	0.033081
N6833524A0007	N68335	21	0.019849
SEAPORT-NXG	N68335	21	0.019849
N6833523A0027	N68335	17	0.016068
N6833521D0048	N68335	14	0.013233
N6833524D0010	N68335	14	0.013233
N6833524G0009	N68335	14	0.013233
N6833523A0049	N68335	13	0.012287
N6833524A0002	N68335	13	0.012287
NAVAIR-HQ-BOA	N68335	13	0.012287
N6833523A0018	N68335	12	0.011342
N6833523A0030	N68335	12	0.011342
N6833523A0051	N68335	12	0.011342
N6833523A0059	N68335	12	0.011342
N6833521D0045	N68335	11	0.010397
N6833522A0035	N68335	11	0.010397
N6833523A0020	N68335	11	0.010397
N6833523D0046	N68335	11	0.010397
N6833524G0021	N68335	11	0.010397
N6833522D0004	N68335	10	0.009452
N6833522D0013	N68335	10	0.009452
N6833523A0021	N68335	10	0.009452
N6833523A0041	N68335	10	0.009452
N6833522D0008	N68335	9	0.008507
N6833523A0134	N68335	9	0.008507
DON-ESL-BPA	N68335	8	0.007561
N6833523A0038	N68335	8	0.007561
N6833525D0001	N68335	8	0.007561
N0038324DBK01	N68335	7	0.006616
N6833521G0020	N68335	7	0.006616
N6833522D0012	N68335	7	0.006616
N6833523A0028	N68335	7	0.006616
N6833523A0040	N68335	7	0.006616
N6833525A0007	N68335	7	0.006616
N6833516D0020	N68335	6	0.005671
N6833519D0135	N68335	6	0.005671
N6833521D0046	N68335	6	0.005671
N6833521D0049	N68335	6	0.005671
N6833521D0214	N68335	6	0.005671
N6833523A0167	N68335	6	0.005671
N6833524A0040	N68335	6	0.005671
N6833524D0003	N68335	6	0.005671
N6833521D0227	N68335	5	0.004726
N6833521D0229	N68335	5	0.004726
N6833522A0032	N68335	5	0.004726
N6833522D0017	N68335	5	0.004726
N6833522G0035	N68335	5	0.004726
N6833523A0025	N68335	5	0.004726
N6833523A0120	N68335	5	0.004726
N6833523D0004	N68335	5	0.004726
N6833524D0009	N68335	5	0.004726
N6833525A0008	N68335	5	0.004726
N6833525D0005	N68335	5	0.004726
N6833518G0014	N68335	4	0.003781
N6833519G0059	N68335	4	0.003781
N6833520D0032	N68335	4	0.003781
N6833520G0002	N68335	4	0.003781
N6833520G3036	N68335	4	0.003781
N6833521D0053	N68335	4	0.003781
N6833522A0017	N68335	4	0.003781
N6833522A0029	N68335	4	0.003781
N6833522D0037	N68335	4	0.003781
N6833522G0029	N68335	4	0.003781
N6833522G0036	N68335	4	0.003781
N6833522G0041	N68335	4	0.003781
N6833523A0016	N68335	4	0.003781
N6833523A0153	N68335	4	0.003781
N6833523A0194	N68335	4	0.003781
N6833523D0003	N68335	4	0.003781
N6833523D0029	N68335	4	0.003781
N6833523G0001	N68335	4	0.003781
N6833524A0032	N68335	4	0.003781
N6833524D0019	N68335	4	0.003781
N6833524D0020	N68335	4	0.003781
N6833524G0028	N68335	4	0.003781
N6833525A0038	N68335	4	0.003781
GSA-MAS	N68335	3	0.002836
N6833515D0026	N68335	3	0.002836
N6833515G0022	N68335	3	0.002836
N6833516D0013	N68335	3	0.002836
N6833517D0021	N68335	3	0.002836
N6833518D0031	N68335	3	0.002836
N6833519G0013	N68335	3	0.002836
N6833519G0041	N68335	3	0.002836
N6833519G0050	N68335	3	0.002836
N6833520D0022	N68335	3	0.002836
N6833520D0048	N68335	3	0.002836
N6833520D0935	N68335	3	0.002836
N6833520G1048	N68335	3	0.002836
N6833521D0064	N68335	3	0.002836
N6833521D0225	N68335	3	0.002836
N6833521G0021	N68335	3	0.002836
N6833522A0027	N68335	3	0.002836
N6833522D0005	N68335	3	0.002836
N6833522D0022	N68335	3	0.002836
N6833522D0039	N68335	3	0.002836
N6833522G0010	N68335	3	0.002836
N6833523A0029	N68335	3	0.002836
N6833523A0043	N68335	3	0.002836
N6833523A0062	N68335	3	0.002836
N6833523A0151	N68335	3	0.002836
N6833523D0010	N68335	3	0.002836
N6833523D0017	N68335	3	0.002836
N6833523D0025	N68335	3	0.002836
N6833523D0035	N68335	3	0.002836
N6833524A0016	N68335	3	0.002836
N6833524A0026	N68335	3	0.002836
N6833524A0033	N68335	3	0.002836
N6833524D0002	N68335	3	0.002836
N6833524D0018	N68335	3	0.002836
N6833524D0021	N68335	3	0.002836
N6833524D0023	N68335	3	0.002836
N6833524G0007	N68335	3	0.002836
N6833524G0038	N68335	3	0.002836
N6833525D0004	N68335	3	0.002836
N6833525D0010	N68335	3	0.002836
SPE4A123G0002	N68335	3	0.002836
N6852023D0001	N68520	41	0.116809
N6852023D0111	N68520	39	0.111111
GSA-MAS	N68520	30	0.08547
DON-ESL-BPA	N68520	21	0.059829
N6852023D0012	N68520	21	0.059829
N0042120D0028	N68520	17	0.048433
N6852021D0002	N68520	17	0.048433
N6852021D0004	N68520	12	0.034188
N6893620D0007	N68520	10	0.02849
NASA-SEWP	N68520	9	0.025641
N6852021D0005	N68520	8	0.022792
SEAPORT-NXG	N68520	8	0.022792
N6852024A0004	N68520	7	0.019943
N6134017D0002	N68520	5	0.014245
N6852021D0006	N68520	5	0.014245
N6852022D0003	N68520	5	0.014245
N6852023D0013	N68520	5	0.014245
N6852023D0011	N68520	4	0.011396
N6852025D0001	N68520	4	0.011396
FA860423DB001	N68520	3	0.008547
N0024424D0010	N68520	3	0.008547
N6134021D0017	N68520	3	0.008547
N6833519D0082	N68520	3	0.008547
N6852020D0012	N68520	3	0.008547
N6852023D0014	N68520	3	0.008547
N6883621A0003	N68520	3	0.008547
N0001421D4002	N68520	1	0.002849
N0042120D0015	N68520	1	0.002849
N6134019D1006	N68520	1	0.002849
NAVAIR-HQ-BOA	N68520	1	0.002849
NAWCTSD-PACRM	N68520	1	0.002849
NASA-SEWP	N68936	88	0.063768
GSA-MAS	N68936	76	0.055072
N6893619D0007	N68936	64	0.046377
N6893618D0015	N68936	58	0.042029
DON-ESL-BPA	N68936	50	0.036232
N6893624D0023	N68936	30	0.021739
N6893624D0001	N68936	28	0.02029
SEAPORT-NXG	N68936	27	0.019565
N6893620D0024	N68936	24	0.017391
N6893622D0007	N68936	24	0.017391
N6893620D0016	N68936	23	0.016667
N6893621D0011	N68936	22	0.015942
N6893622D0018	N68936	20	0.014493
N6893623D0029	N68936	20	0.014493
N6893622D0004	N68936	19	0.013768
N6893620D0015	N68936	18	0.013043
N6893623D0019	N68936	18	0.013043
N6893618D0012	N68936	17	0.012319
N6893623D0001	N68936	17	0.012319
N6893624D0002	N68936	17	0.012319
N6893621D0026	N68936	15	0.01087
N6893622D0036	N68936	15	0.01087
N6893624D0022	N68936	15	0.01087
N6893622D0017	N68936	14	0.010145
N6893622D0038	N68936	14	0.010145
N6893623D0013	N68936	14	0.010145
N6893621D0001	N68936	13	0.00942
N6893623D0025	N68936	13	0.00942
N6893619D0027	N68936	12	0.008696
N6893622D0010	N68936	12	0.008696
N6893622D0014	N68936	12	0.008696
N6893623D0034	N68936	12	0.008696
N6893621D0044	N68936	11	0.007971
N6893622D0011	N68936	11	0.007971
N6893623D0018	N68936	11	0.007971
N6893623D0028	N68936	11	0.007971
N6893623D0033	N68936	11	0.007971
N6893624D0008	N68936	11	0.007971
N6893622D0032	N68936	10	0.007246
N6893624D0006	N68936	10	0.007246
N6893624D0007	N68936	10	0.007246
N6893615D0015	N68936	9	0.006522
N6893618D0014	N68936	9	0.006522
N6893620D0001	N68936	9	0.006522
N6893622D0034	N68936	9	0.006522
N6893621D0009	N68936	8	0.005797
N6893623D0023	N68936	8	0.005797
N6893623D0047	N68936	8	0.005797
N6893624D0009	N68936	8	0.005797
N6893621D0046	N68936	7	0.005072
N6893622D0002	N68936	7	0.005072
N6893622D0008	N68936	7	0.005072
N6893622D0009	N68936	7	0.005072
N6893623D0021	N68936	7	0.005072
N6893623D0042	N68936	7	0.005072
N6893623D0045	N68936	7	0.005072
N6893618D0006	N68936	6	0.004348
N6893619D0001	N68936	6	0.004348
N6893619D0048	N68936	6	0.004348
N6893620D0005	N68936	6	0.004348
N6893621D0043	N68936	6	0.004348
N6893621D0045	N68936	6	0.004348
N6893621D0051	N68936	6	0.004348
N6893623D0051	N68936	6	0.004348
N6893624D0003	N68936	6	0.004348
N6893624D0017	N68936	6	0.004348
N6893618D0026	N68936	5	0.003623
N6893620D0014	N68936	5	0.003623
N6893620D0018	N68936	5	0.003623
N6893621D0007	N68936	5	0.003623
N6893621D0010	N68936	5	0.003623
N6893622D0015	N68936	5	0.003623
N6893622D0024	N68936	5	0.003623
N6893623D0054	N68936	5	0.003623
N6893624D0004	N68936	5	0.003623
N6893616D0016	N68936	4	0.002899
N6893621D0016	N68936	4	0.002899
N6893622D0021	N68936	4	0.002899
N6893622D0025	N68936	4	0.002899
N6893622D0028	N68936	4	0.002899
N6893622D0041	N68936	4	0.002899
N6893623D0026	N68936	4	0.002899
N6893623D0036	N68936	4	0.002899
N6893623D0037	N68936	4	0.002899
N6893623D0041	N68936	4	0.002899
N6893624D0012	N68936	4	0.002899
N6893624D0020	N68936	4	0.002899
N6893624D0025	N68936	4	0.002899
N6893625D0008	N68936	4	0.002899
N6893625D0013	N68936	4	0.002899
N6893614D0008	N68936	3	0.002174
N6893616D0018	N68936	3	0.002174
N6893617D0010	N68936	3	0.002174
N6893618D0029	N68936	3	0.002174
N6893618D0036	N68936	3	0.002174
N6893619D0008	N68936	3	0.002174
N6893619D0017	N68936	3	0.002174
N6893619D0020	N68936	3	0.002174
N6893619D0035	N68936	3	0.002174
N6893620D0033	N68936	3	0.002174
N6893621D0017	N68936	3	0.002174
N6893621D0024	N68936	3	0.002174
N6893622D0026	N68936	3	0.002174
N6893622D0027	N68936	3	0.002174
N6893623D0014	N68936	3	0.002174
N6893623D0039	N68936	3	0.002174
N6893623D0046	N68936	3	0.002174
N6893624D0013	N68936	3	0.002174
N6893624D0015	N68936	3	0.002174
N6893625D0001	N68936	3	0.002174
N6893625D0011	N68936	3	0.002174
NAVAIR-HQ-BOA	N68936	2	0.001449
N0001421D4002	N68936	1	0.000725
N0024424D0005	N68936	1	0.000725
N6134019D1010	N68936	1	0.000725
